_001_index.JPG	FAIL_BAD_IMAGE	22985	500	500	https://metryki.genbaza.pl/genbaza,detail,391780,2	https://metryki.genbaza.pl/photo/202608/391780/_001_index.JPG
_002_index.JPG	FAIL_BAD_IMAGE	22985	500	500	https://metryki.genbaza.pl/genbaza,detail,391780,3	https://metryki.genbaza.pl/photo/202608/391780/_002_index.JPG
_003_index.JPG	FAIL_BAD_IMAGE	22985	500	500	https://metryki.genbaza.pl/genbaza,detail,391780,4	https://metryki.genbaza.pl/photo/202608/391780/_003_index.JPG
_004_index.JPG	FAIL_BAD_IMAGE	22985	500	500	https://metryki.genbaza.pl/genbaza,detail,391780,5	https://metryki.genbaza.pl/photo/202608/391780/_004_index.JPG
_005_ur.JPG	FAIL_BAD_IMAGE	22985	500	500	https://metryki.genbaza.pl/genbaza,detail,391780,6	https://metryki.genbaza.pl/photo/202608/391780/_005_ur.JPG
_006_ur.JPG	FAIL_BAD_IMAGE	22985	500	500	https://metryki.genbaza.pl/genbaza,detail,391780,7	https://metryki.genbaza.pl/photo/202608/391780/_006_ur.JPG
_007_ur.JPG	FAIL_BAD_IMAGE	22985	500	500	https://metryki.genbaza.pl/genbaza,detail,391780,8	https://metryki.genbaza.pl/photo/202608/391780/_007_ur.JPG
_008_ur.JPG	FAIL_BAD_IMAGE	22985	500	500	https://metryki.genbaza.pl/genbaza,detail,391780,9	https://metryki.genbaza.pl/photo/202608/391780/_008_ur.JPG
_009_ur.JPG	FAIL_BAD_IMAGE	22985	500	500	https://metryki.genbaza.pl/genbaza,detail,391780,10	https://metryki.genbaza.pl/photo/202608/391780/_009_ur.JPG
_010_ur.JPG	FAIL_BAD_IMAGE	22985	500	500	https://metryki.genbaza.pl/genbaza,detail,391780,11	https://metryki.genbaza.pl/photo/202608/391780/_010_ur.JPG
_011_ur.JPG	FAIL_BAD_IMAGE	22985	500	500	https://metryki.genbaza.pl/genbaza,detail,391780,12	https://metryki.genbaza.pl/photo/202608/391780/_011_ur.JPG
_012_ur.JPG	FAIL_BAD_IMAGE	22985	500	500	https://metryki.genbaza.pl/genbaza,detail,391780,13	https://metryki.genbaza.pl/photo/202608/391780/_012_ur.JPG
_013_ur.JPG	FAIL_BAD_IMAGE	22985	500	500	https://metryki.genbaza.pl/genbaza,detail,391780,14	https://metryki.genbaza.pl/photo/202608/391780/_013_ur.JPG
_014_ur.JPG	FAIL_BAD_IMAGE	22985	500	500	https://metryki.genbaza.pl/genbaza,detail,391780,15	https://metryki.genbaza.pl/photo/202608/391780/_014_ur.JPG
_015_ur.JPG	FAIL_BAD_IMAGE	22985	500	500	https://metryki.genbaza.pl/genbaza,detail,391780,16	https://metryki.genbaza.pl/photo/202608/391780/_015_ur.JPG
_016_ur.JPG	FAIL_BAD_IMAGE	22985	500	500	https://metryki.genbaza.pl/genbaza,detail,391780,17	https://metryki.genbaza.pl/photo/202608/391780/_016_ur.JPG
_017_ur.JPG	FAIL_BAD_IMAGE	22985	500	500	https://metryki.genbaza.pl/genbaza,detail,391780,18	https://metryki.genbaza.pl/photo/202608/391780/_017_ur.JPG
_018_ur.JPG	FAIL_BAD_IMAGE	22985	500	500	https://metryki.genbaza.pl/genbaza,detail,391780,19	https://metryki.genbaza.pl/photo/202608/391780/_018_ur.JPG
_019_ur.JPG	FAIL_BAD_IMAGE	22985	500	500	https://metryki.genbaza.pl/genbaza,detail,391780,20	https://metryki.genbaza.pl/photo/202608/391780/_019_ur.JPG
_020_ur.JPG	FAIL_BAD_IMAGE	22985	500	500	https://metryki.genbaza.pl/genbaza,detail,391780,21	https://metryki.genbaza.pl/photo/202608/391780/_020_ur.JPG
_021_ur.JPG	FAIL_BAD_IMAGE	22985	500	500	https://metryki.genbaza.pl/genbaza,detail,391780,22	https://metryki.genbaza.pl/photo/202608/391780/_021_ur.JPG
_022_ur.JPG	FAIL_BAD_IMAGE	22985	500	500	https://metryki.genbaza.pl/genbaza,detail,391780,23	https://metryki.genbaza.pl/photo/202608/391780/_022_ur.JPG
_023_ur.JPG	FAIL_BAD_IMAGE	22985	500	500	https://metryki.genbaza.pl/genbaza,detail,391780,24	https://metryki.genbaza.pl/photo/202608/391780/_023_ur.JPG
_024_ur.JPG	FAIL_BAD_IMAGE	22985	500	500	https://metryki.genbaza.pl/genbaza,detail,391780,25	https://metryki.genbaza.pl/photo/202608/391780/_024_ur.JPG
_025_ur.JPG	FAIL_BAD_IMAGE	22985	500	500	https://metryki.genbaza.pl/genbaza,detail,391780,26	https://metryki.genbaza.pl/photo/202608/391780/_025_ur.JPG
_026_ur.JPG	FAIL_BAD_IMAGE	22985	500	500	https://metryki.genbaza.pl/genbaza,detail,391780,27	https://metryki.genbaza.pl/photo/202608/391780/_026_ur.JPG
_027_ur.JPG	FAIL_BAD_IMAGE	22985	500	500	https://metryki.genbaza.pl/genbaza,detail,391780,28	https://metryki.genbaza.pl/photo/202608/391780/_027_ur.JPG
_028_ur.JPG	FAIL_BAD_IMAGE	22985	500	500	https://metryki.genbaza.pl/genbaza,detail,391780,29	https://metryki.genbaza.pl/photo/202608/391780/_028_ur.JPG
_029_ur.JPG	FAIL_BAD_IMAGE	22985	500	500	https://metryki.genbaza.pl/genbaza,detail,391780,30	https://metryki.genbaza.pl/photo/202608/391780/_029_ur.JPG
_030_ur.JPG	FAIL_BAD_IMAGE	22985	500	500	https://metryki.genbaza.pl/genbaza,detail,391780,31	https://metryki.genbaza.pl/photo/202608/391780/_030_ur.JPG
_031_ur.JPG	FAIL_BAD_IMAGE	22985	500	500	https://metryki.genbaza.pl/genbaza,detail,391780,32	https://metryki.genbaza.pl/photo/202608/391780/_031_ur.JPG
_032_ur.JPG	FAIL_BAD_IMAGE	22985	500	500	https://metryki.genbaza.pl/genbaza,detail,391780,33	https://metryki.genbaza.pl/photo/202608/391780/_032_ur.JPG
_033_ur.JPG	FAIL_BAD_IMAGE	22985	500	500	https://metryki.genbaza.pl/genbaza,detail,391780,34	https://metryki.genbaza.pl/photo/202608/391780/_033_ur.JPG
_034_ur.JPG	FAIL_BAD_IMAGE	22985	500	500	https://metryki.genbaza.pl/genbaza,detail,391780,35	https://metryki.genbaza.pl/photo/202608/391780/_034_ur.JPG
_035_ur.JPG	FAIL_BAD_IMAGE	22985	500	500	https://metryki.genbaza.pl/genbaza,detail,391780,36	https://metryki.genbaza.pl/photo/202608/391780/_035_ur.JPG
_036_ur.JPG	FAIL_BAD_IMAGE	22985	500	500	https://metryki.genbaza.pl/genbaza,detail,391780,37	https://metryki.genbaza.pl/photo/202608/391780/_036_ur.JPG
_037_ur.JPG	FAIL_BAD_IMAGE	22985	500	500	https://metryki.genbaza.pl/genbaza,detail,391780,38	https://metryki.genbaza.pl/photo/202608/391780/_037_ur.JPG
_038_ur.JPG	FAIL_BAD_IMAGE	22985	500	500	https://metryki.genbaza.pl/genbaza,detail,391780,39	https://metryki.genbaza.pl/photo/202608/391780/_038_ur.JPG
_039_ur.JPG	FAIL_BAD_IMAGE	22985	500	500	https://metryki.genbaza.pl/genbaza,detail,391780,40	https://metryki.genbaza.pl/photo/202608/391780/_039_ur.JPG
_040_ur.JPG	FAIL_BAD_IMAGE	22985	500	500	https://metryki.genbaza.pl/genbaza,detail,391780,41	https://metryki.genbaza.pl/photo/202608/391780/_040_ur.JPG
_041_ur.JPG	FAIL_BAD_IMAGE	22985	500	500	https://metryki.genbaza.pl/genbaza,detail,391780,42	https://metryki.genbaza.pl/photo/202608/391780/_041_ur.JPG
_042_ur.JPG	FAIL_BAD_IMAGE	22985	500	500	https://metryki.genbaza.pl/genbaza,detail,391780,43	https://metryki.genbaza.pl/photo/202608/391780/_042_ur.JPG
_043_ur.JPG	FAIL_BAD_IMAGE	22985	500	500	https://metryki.genbaza.pl/genbaza,detail,391780,44	https://metryki.genbaza.pl/photo/202608/391780/_043_ur.JPG
_044_ur.JPG	FAIL_BAD_IMAGE	22985	500	500	https://metryki.genbaza.pl/genbaza,detail,391780,45	https://metryki.genbaza.pl/photo/202608/391780/_044_ur.JPG
_045_ur.JPG	FAIL_BAD_IMAGE	22985	500	500	https://metryki.genbaza.pl/genbaza,detail,391780,46	https://metryki.genbaza.pl/photo/202608/391780/_045_ur.JPG
_046_ur.JPG	FAIL_BAD_IMAGE	22985	500	500	https://metryki.genbaza.pl/genbaza,detail,391780,47	https://metryki.genbaza.pl/photo/202608/391780/_046_ur.JPG
_047_ur.JPG	FAIL_BAD_IMAGE	22985	500	500	https://metryki.genbaza.pl/genbaza,detail,391780,48	https://metryki.genbaza.pl/photo/202608/391780/_047_ur.JPG
_048_ur.JPG	FAIL_BAD_IMAGE	22985	500	500	https://metryki.genbaza.pl/genbaza,detail,391780,49	https://metryki.genbaza.pl/photo/202608/391780/_048_ur.JPG
_049_ur.JPG	FAIL_BAD_IMAGE	22985	500	500	https://metryki.genbaza.pl/genbaza,detail,391780,50	https://metryki.genbaza.pl/photo/202608/391780/_049_ur.JPG
_050_ur.JPG	FAIL_BAD_IMAGE	22985	500	500	https://metryki.genbaza.pl/genbaza,detail,391780,51	https://metryki.genbaza.pl/photo/202608/391780/_050_ur.JPG
_051_ur.JPG	FAIL_BAD_IMAGE	22985	500	500	https://metryki.genbaza.pl/genbaza,detail,391780,52	https://metryki.genbaza.pl/photo/202608/391780/_051_ur.JPG
_052_ur.JPG	FAIL_BAD_IMAGE	22985	500	500	https://metryki.genbaza.pl/genbaza,detail,391780,53	https://metryki.genbaza.pl/photo/202608/391780/_052_ur.JPG
