_001_index.JPG	https://metryki.genbaza.pl/genbaza,detail,391780,2
_002_index.JPG	https://metryki.genbaza.pl/genbaza,detail,391780,3
_003_index.JPG	https://metryki.genbaza.pl/genbaza,detail,391780,4
_004_index.JPG	https://metryki.genbaza.pl/genbaza,detail,391780,5
_005_ur.JPG	https://metryki.genbaza.pl/genbaza,detail,391780,6
_006_ur.JPG	https://metryki.genbaza.pl/genbaza,detail,391780,7
_007_ur.JPG	https://metryki.genbaza.pl/genbaza,detail,391780,8
_008_ur.JPG	https://metryki.genbaza.pl/genbaza,detail,391780,9
_009_ur.JPG	https://metryki.genbaza.pl/genbaza,detail,391780,10
_010_ur.JPG	https://metryki.genbaza.pl/genbaza,detail,391780,11
_011_ur.JPG	https://metryki.genbaza.pl/genbaza,detail,391780,12
_012_ur.JPG	https://metryki.genbaza.pl/genbaza,detail,391780,13
_013_ur.JPG	https://metryki.genbaza.pl/genbaza,detail,391780,14
_014_ur.JPG	https://metryki.genbaza.pl/genbaza,detail,391780,15
_015_ur.JPG	https://metryki.genbaza.pl/genbaza,detail,391780,16
_016_ur.JPG	https://metryki.genbaza.pl/genbaza,detail,391780,17
_017_ur.JPG	https://metryki.genbaza.pl/genbaza,detail,391780,18
_018_ur.JPG	https://metryki.genbaza.pl/genbaza,detail,391780,19
_019_ur.JPG	https://metryki.genbaza.pl/genbaza,detail,391780,20
_020_ur.JPG	https://metryki.genbaza.pl/genbaza,detail,391780,21
_021_ur.JPG	https://metryki.genbaza.pl/genbaza,detail,391780,22
_022_ur.JPG	https://metryki.genbaza.pl/genbaza,detail,391780,23
_023_ur.JPG	https://metryki.genbaza.pl/genbaza,detail,391780,24
_024_ur.JPG	https://metryki.genbaza.pl/genbaza,detail,391780,25
_025_ur.JPG	https://metryki.genbaza.pl/genbaza,detail,391780,26
_026_ur.JPG	https://metryki.genbaza.pl/genbaza,detail,391780,27
_027_ur.JPG	https://metryki.genbaza.pl/genbaza,detail,391780,28
_028_ur.JPG	https://metryki.genbaza.pl/genbaza,detail,391780,29
_029_ur.JPG	https://metryki.genbaza.pl/genbaza,detail,391780,30
_030_ur.JPG	https://metryki.genbaza.pl/genbaza,detail,391780,31
_031_ur.JPG	https://metryki.genbaza.pl/genbaza,detail,391780,32
_032_ur.JPG	https://metryki.genbaza.pl/genbaza,detail,391780,33
_033_ur.JPG	https://metryki.genbaza.pl/genbaza,detail,391780,34
_034_ur.JPG	https://metryki.genbaza.pl/genbaza,detail,391780,35
_035_ur.JPG	https://metryki.genbaza.pl/genbaza,detail,391780,36
_036_ur.JPG	https://metryki.genbaza.pl/genbaza,detail,391780,37
_037_ur.JPG	https://metryki.genbaza.pl/genbaza,detail,391780,38
_038_ur.JPG	https://metryki.genbaza.pl/genbaza,detail,391780,39
_039_ur.JPG	https://metryki.genbaza.pl/genbaza,detail,391780,40
_040_ur.JPG	https://metryki.genbaza.pl/genbaza,detail,391780,41
_041_ur.JPG	https://metryki.genbaza.pl/genbaza,detail,391780,42
_042_ur.JPG	https://metryki.genbaza.pl/genbaza,detail,391780,43
_043_ur.JPG	https://metryki.genbaza.pl/genbaza,detail,391780,44
_044_ur.JPG	https://metryki.genbaza.pl/genbaza,detail,391780,45
_045_ur.JPG	https://metryki.genbaza.pl/genbaza,detail,391780,46
_046_ur.JPG	https://metryki.genbaza.pl/genbaza,detail,391780,47
_047_ur.JPG	https://metryki.genbaza.pl/genbaza,detail,391780,48
_048_ur.JPG	https://metryki.genbaza.pl/genbaza,detail,391780,49
_049_ur.JPG	https://metryki.genbaza.pl/genbaza,detail,391780,50
_050_ur.JPG	https://metryki.genbaza.pl/genbaza,detail,391780,51
_051_ur.JPG	https://metryki.genbaza.pl/genbaza,detail,391780,52
_052_ur.JPG	https://metryki.genbaza.pl/genbaza,detail,391780,53
